iter	Precision	Logloss
0	0.6104089219	0.6925760413
1	0.6184012066	0.6919510902
2	0.6170212766	0.6913369445
3	0.6136034732	0.6907842076
4	0.6107526882	0.6903260285
5	0.6071428571	0.6897601076
6	0.6069651741	0.6891430945
7	0.6055634807	0.6886056077
8	0.6022727273	0.6880749699
9	0.6014134276	0.6876454548
10	0.6018452803	0.6869208198
11	0.6038406828	0.6862779811
12	0.6034115139	0.6858510083
13	0.6029723992	0.685351549
14	0.6021201413	0.6847809779
15	0.6032531825	0.6842648888
16	0.6033994334	0.6836970035
17	0.6031183558	0.6831620248
18	0.6025459689	0.682630225
19	0.6021201413	0.6821470296
20	0.6016949153	0.6817153394
21	0.6018387553	0.6811661213
22	0.6018387553	0.6806060128
23	0.6019760056	0.6801992048
24	0.6008462623	0.6796289287
25	0.600422833	0.6791605802
26	0.600422833	0.6786979269
27	0.6008462623	0.6782243272
28	0.5992957746	0.6777680346
29	0.5988740324	0.6773385435
30	0.5988740324	0.6768946446
31	0.5988740324	0.6764197498
32	0.5988740324	0.6759579716
33	0.5988740324	0.6754440734
34	0.5988740324	0.6749676128
35	0.5985915493	0.6745458
36	0.5985915493	0.6741396111
37	0.5985915493	0.6737487462
38	0.5985915493	0.6734292412
39	0.5985915493	0.6729393967
40	0.5985915493	0.6725082326
41	0.5990133897	0.6720267561
42	0.5990133897	0.6715385858
43	0.5990133897	0.6711717541
44	0.5990133897	0.6706539342
45	0.5985915493	0.6702353242
46	0.5990133897	0.6698417962
47	0.5990133897	0.6693856941
48	0.5990133897	0.6689148413
49	0.5990133897	0.6684499588
50	0.5985915493	0.6680846613
51	0.5985915493	0.6676218858
52	0.5985915493	0.6672168103
53	0.5985915493	0.6667694438
54	0.5985915493	0.666363586
55	0.5985915493	0.6659855221
56	0.5985915493	0.6656085406
57	0.5985915493	0.6651309686
58	0.5985915493	0.6647836038
59	0.5988740324	0.6643513435
60	0.5990133897	0.6639445196
61	0.5992957746	0.6635195438
62	0.5992957746	0.6630777016
63	0.5992957746	0.6626310626
64	0.5992957746	0.6622741434
65	0.5992957746	0.6617965345
66	0.5992957746	0.6613889147
67	0.5992957746	0.6610180443
68	0.5992957746	0.6605928008
69	0.5992957746	0.660194259
70	0.5992957746	0.6597924074
71	0.5992957746	0.6594004507
72	0.5997181113	0.6589898959
73	0.5997181113	0.6585687942
74	0.6001410437	0.65812943
75	0.6001410437	0.6577212475
76	0.6009887006	0.6574149727
77	0.6009887006	0.6570053909
78	0.6009887006	0.6566563519
79	0.6009887006	0.6563496848
80	0.600564573	0.6559996496
81	0.6002824859	0.6556318257
82	0.6002824859	0.6553016318
83	0.600564573	0.655021255
84	0.6002824859	0.6547207642
85	0.6011315417	0.6543803786
86	0.6011315417	0.6540029276
87	0.601556971	0.6536406663
88	0.6019830028	0.6532962702
89	0.601556971	0.6529546414
90	0.6019830028	0.6526500803
91	0.601556971	0.6522537139
92	0.6019830028	0.6518508332
93	0.6019830028	0.6515528367
94	0.6019830028	0.6512118411
95	0.6019830028	0.6509175379
96	0.6032647268	0.6505911128
97	0.6028368794	0.6502861368
98	0.6019830028	0.6499080702
99	0.6024096386	0.6495774143
100	0.601556971	0.6492569
101	0.6032647268	0.6489731908
102	0.6024096386	0.6487227895
103	0.6019830028	0.6484736553
104	0.6019830028	0.6481536765
105	0.6019830028	0.6478403836
106	0.6019830028	0.6476042453
107	0.6019830028	0.6472682673
108	0.6028368794	0.6470025785
109	0.6024096386	0.6466520499
110	0.6024096386	0.6463772547
111	0.6024096386	0.6460503246
112	0.6028368794	0.6456406121
113	0.6045519203	0.645294733
114	0.6049822064	0.6449798852
115	0.6054131054	0.6447532718
116	0.6062767475	0.6444721405
117	0.6058446187	0.6441694273
118	0.6045519203	0.6437917493
119	0.6045519203	0.6435212079
120	0.6054131054	0.6432115475
121	0.6062767475	0.6428802624
122	0.6054131054	0.6426108666
123	0.6058446187	0.6422782813
124	0.6058446187	0.6420119121
125	0.6062767475	0.6416715075
126	0.6067094932	0.6413249996
127	0.6067094932	0.6410742418
128	0.6062767475	0.6407257728
129	0.6062767475	0.6403918323
130	0.6062767475	0.640181878
131	0.6067094932	0.639878718
132	0.6067094932	0.6395784468
133	0.6071428571	0.639279177
134	0.6071428571	0.6389296385
135	0.6071428571	0.6387086103
136	0.6071428571	0.6385128524
137	0.6071428571	0.6383214024
138	0.6071428571	0.6380912206
139	0.6071428571	0.6378190543
140	0.6075768406	0.6375646885
141	0.6075768406	0.6371753703
142	0.6075768406	0.6369341188
143	0.6075768406	0.6366540644
144	0.6084466714	0.6363792598
145	0.6093189964	0.6361195649
146	0.6093189964	0.635821807
147	0.6101938263	0.6356356221
148	0.6101938263	0.6353707932
149	0.6110711718	0.6350964702
150	0.6101938263	0.6348622011
151	0.6119510439	0.6346248929
152	0.6128334535	0.6343232387
153	0.6137184116	0.6340600544
154	0.6146059291	0.6337971361
155	0.6146059291	0.6334854228
156	0.6141618497	0.6332524192
157	0.6150506512	0.6329193392
158	0.6141618497	0.6327041631
159	0.6150506512	0.6324364485
160	0.6154960174	0.632183579
161	0.6146059291	0.6319340381
162	0.6150506512	0.6315868307
163	0.6154960174	0.6313371056
164	0.6150506512	0.6310307901
165	0.6154960174	0.6307395521
166	0.6150506512	0.6305580528
167	0.6168359942	0.630237764
168	0.6163886875	0.630033412
169	0.6163886875	0.629760464
170	0.6163886875	0.6295087336
171	0.6172839506	0.6292685515
172	0.6172839506	0.6289854426
173	0.6163886875	0.6287852152
174	0.6156635243	0.6285209377
175	0.6174545455	0.6283205281
176	0.6174545455	0.6280178935
177	0.6180758017	0.6277497149
178	0.6179039301	0.6275542751
179	0.6194302411	0.6273297268
180	0.6189781022	0.6271053506
181	0.6198830409	0.6268140428
182	0.6201607012	0.6265745682
183	0.6192560175	0.6263518878
184	0.6206140351	0.6261331109
185	0.6192560175	0.6259242903
186	0.6206140351	0.6256694402
187	0.621522694	0.6255535638
188	0.621522694	0.625265594
189	0.6221570066	0.625081934
190	0.6226138032	0.6248313837
191	0.6235294118	0.6246399577
192	0.6235294118	0.6244077326
193	0.6210680322	0.6242281314
194	0.6217008798	0.6239989707
195	0.6226138032	0.6237149062
196	0.6233480176	0.6233277418
197	0.6230712711	0.6230956914
198	0.6230712711	0.6228681248
199	0.6230712711	0.6226358877
200	0.6235294118	0.6225253287
201	0.6244477172	0.6223150515
202	0.6239882266	0.622037971
203	0.6242647059	0.6218628502
204	0.6242647059	0.6216843076
205	0.6239882266	0.6214816267
206	0.6258302583	0.6212137305
207	0.6279585799	0.6209386308
208	0.6276831976	0.6207458133
209	0.6284233901	0.6204819285
210	0.6284233901	0.6202701502
211	0.6279585799	0.6200897006
212	0.6274944568	0.6198402435
213	0.6270310192	0.6196292375
214	0.6270310192	0.6193930275
215	0.6270310192	0.6191921006
216	0.6274944568	0.6190359037
217	0.6279585799	0.6187633464
218	0.6279585799	0.6184634015
219	0.6284233901	0.6182615378
220	0.6279585799	0.6180518185
221	0.6279585799	0.6177601649
222	0.6279585799	0.6175572064
223	0.6286982249	0.6173304674
224	0.6282335551	0.6171761147
225	0.6277695716	0.6169829587
226	0.6286982249	0.6167716104
227	0.6286982249	0.6165850741
228	0.6286982249	0.6163414288
229	0.6288888889	0.616133316
230	0.6284233901	0.6159262795
231	0.6288888889	0.6156476212
232	0.6298219585	0.6155374931
233	0.6298219585	0.6154357801
234	0.6295471418	0.6152698032
235	0.6298219585	0.6150811704
236	0.6293550778	0.6148625945
237	0.6295471418	0.614640851
238	0.6302083333	0.6143938212
239	0.6304832714	0.6141616167
240	0.6306775875	0.6139750545
241	0.6304832714	0.6138099473
242	0.6302083333	0.6135824366
243	0.6307578009	0.6133900234
244	0.6304832714	0.6132404198
245	0.6310319228	0.6131217856
246	0.6300148588	0.6129056128
247	0.6304832714	0.6127185705
248	0.6302895323	0.6125275766
249	0.6295471418	0.6123428288
250	0.6307578009	0.6121079998
251	0.630952381	0.6118703703
252	0.6304832714	0.6116126282
253	0.6304832714	0.6114351527
254	0.6310319228	0.6112905959
255	0.6312267658	0.6110580008
256	0.6316964286	0.610879563
257	0.6316964286	0.6106088233
258	0.6328358209	0.6104406514
259	0.6328358209	0.6101986432
260	0.6328358209	0.6100322134
261	0.6337817638	0.6098560166
262	0.6328358209	0.6095716877
263	0.6328358209	0.609362059
264	0.6340552651	0.6091735044
265	0.6335820896	0.6089880714
266	0.6340552651	0.6087624039
267	0.634529148	0.6086219859
268	0.634529148	0.6084549759
269	0.634529148	0.6082920989
270	0.634529148	0.6081101209
271	0.6335820896	0.607937565
272	0.6340552651	0.6077410183
273	0.6350037397	0.6075434631
274	0.6350037397	0.607357659
275	0.634529148	0.6072245837
276	0.6354790419	0.6071143935
277	0.6354790419	0.6069068837
278	0.6364317841	0.6067217345
279	0.6367041199	0.6065084043
280	0.6371814093	0.6063250995
281	0.6371814093	0.6060893144
282	0.6371814093	0.6059046788
283	0.6371814093	0.6057602009
284	0.6371814093	0.6055198884
285	0.6381381381	0.6053505661
286	0.6381381381	0.6050994107
287	0.6386175808	0.6048667446
288	0.6381381381	0.6047086974
289	0.6390977444	0.60446278
290	0.6390977444	0.6043061596
291	0.6395786305	0.6041176247
292	0.6395786305	0.6038452974
293	0.640060241	0.6037731916
294	0.640060241	0.6036052679
295	0.641025641	0.6034300939
296	0.6405425772	0.6032815618
297	0.641509434	0.6030862094
298	0.6437216339	0.6029095235
299	0.6422641509	0.6027114752
300	0.6427492447	0.6024531646
301	0.6444780635	0.6022203224
302	0.6444780635	0.6020384229
303	0.6439909297	0.6018653913
304	0.6439909297	0.6018002697
305	0.6439909297	0.6016470232
306	0.6444780635	0.6014487736
307	0.6459438969	0.6012878031
308	0.6459438969	0.6011730198
309	0.6459438969	0.601008495
310	0.6459438969	0.6007430317
311	0.6464339909	0.6005174954
312	0.6464339909	0.6003760472
313	0.6469248292	0.6002305457
314	0.6469248292	0.599930375
315	0.6479087452	0.59973597
316	0.6481762918	0.5995518025
317	0.6486692015	0.5993968663
318	0.6488956588	0.5992184902
319	0.6493902439	0.5990629954
320	0.6491628615	0.5988472608
321	0.6486692015	0.5987208461
322	0.6498855835	0.598426384
323	0.6498855835	0.598232616
324	0.6503816794	0.5980929719
325	0.6508785332	0.5979455936
326	0.6513761468	0.5977801371
327	0.6513761468	0.5976426693
328	0.6521406728	0.5975098692
329	0.6521406728	0.5973368962
330	0.652607362	0.5971389914
331	0.652607362	0.5970010291
332	0.6528735632	0.5968636238
333	0.652607362	0.596680949
334	0.6523407521	0.5964920474
335	0.652607362	0.5962668567
336	0.6533742331	0.5959929987
337	0.6533742331	0.5958350113
338	0.6528735632	0.595580349
339	0.6528735632	0.5954444956
340	0.6533742331	0.5952716121
341	0.6531082118	0.5950648765
342	0.6541122214	0.5948664316
343	0.6548808609	0.5946375743
344	0.6548808609	0.5944793951
345	0.6543778802	0.5942951667
346	0.6543778802	0.5941691075
347	0.6543778802	0.594027673
348	0.6538756715	0.593887715
349	0.6538756715	0.593693355
350	0.6543778802	0.5935260082
351	0.6548808609	0.5933914291
352	0.6548808609	0.5932314457
353	0.6551459293	0.593027293
354	0.6554105909	0.5928232609
355	0.6551459293	0.5926961759
356	0.6554105909	0.5925959158
357	0.6566820276	0.5924819905
358	0.6566820276	0.592256632
359	0.6569230769	0.5920719548
360	0.6571867794	0.5919439743
361	0.6571867794	0.5918094206
362	0.6571867794	0.5916782634
363	0.6574500768	0.5915430286
364	0.6579554189	0.5914124305
365	0.6584615385	0.5912726402
366	0.6584615385	0.5911280394
367	0.6584615385	0.5909751744
368	0.6584615385	0.5906998871
369	0.6584615385	0.5905364052
370	0.6584615385	0.5904653405
371	0.6584615385	0.5902561097
372	0.6592307692	0.5900578845
373	0.6594926979	0.5899540211
374	0.66	0.5897978257
375	0.6589861751	0.5896218268
376	0.658218126	0.5895037972
377	0.6592307692	0.589292217
378	0.6597382602	0.5891521309
379	0.6592307692	0.5890613599
380	0.6612903226	0.5888673137
381	0.6592478895	0.5886164674
382	0.6589861751	0.588487083
383	0.6605222734	0.5883196194
384	0.6610429448	0.588154881
385	0.6615502686	0.5880222283
386	0.6615502686	0.5878700012
387	0.6623177283	0.5877705643
388	0.6620583717	0.5875204326
389	0.6620583717	0.5873680468
390	0.6633358955	0.5871448019
391	0.6643571978	0.586964883
392	0.6648690293	0.5868068902
393	0.6646153846	0.5866138609
394	0.6638461538	0.5864723592
395	0.6651270208	0.5862577346
396	0.6656394453	0.5860389648
397	0.6651270208	0.5857972291
398	0.6656394453	0.5856799354
399	0.66615266	0.5856212896
400	0.66615266	0.5854813885
401	0.6669242658	0.5854075321
402	0.6684698609	0.5852001155
403	0.6674382716	0.5850995164
404	0.667953668	0.5849349785
405	0.6674382716	0.584851956
406	0.667953668	0.5846239056
407	0.6689868523	0.5844203417
408	0.6684698609	0.5843284998
409	0.6692426584	0.5841898255
410	0.6692426584	0.5840050458
411	0.669504644	0.5838517828
412	0.6692486445	0.5836737213
413	0.6692486445	0.5835505495
414	0.6692486445	0.58336097
415	0.6687306502	0.5831983099
416	0.6687306502	0.5831071595
417	0.6697674419	0.5829625772
418	0.669511249	0.5827782356
419	0.669511249	0.5826510266
420	0.6700232378	0.5824577474
421	0.6707978311	0.5823175118
422	0.6710628394	0.5822017915
423	0.6713178295	0.5819391348
424	0.6718386346	0.5818408656
425	0.6720930233	0.581688802
426	0.6720930233	0.5815985092
427	0.6720930233	0.5813989491
428	0.6731216112	0.5812293517
429	0.6723470178	0.5811111966
430	0.6728538283	0.5809763214
431	0.673390225	0.5807959364
432	0.6736434109	0.580654745
433	0.6736434109	0.5805023706
434	0.6741660202	0.5804005515
435	0.6741660202	0.5802253217
436	0.674689441	0.5800714055
437	0.6741660202	0.5799294445
438	0.6754658385	0.579804907
439	0.6752136752	0.5797061889
440	0.675990676	0.5795097972
441	0.675990676	0.5793789986
442	0.675990676	0.5792489989
443	0.6765163297	0.5791006886
444	0.675990676	0.5789848294
445	0.675990676	0.5788710518
446	0.6751937984	0.5787262022
447	0.6757176106	0.5785849832
448	0.676242236	0.5784132867
449	0.676242236	0.5782835829
450	0.6767676768	0.5781712104
451	0.6767676768	0.5780149093
452	0.6780715397	0.5778575814
453	0.6791277259	0.5776948858
454	0.6807181889	0.5774479106
455	0.68125	0.5772239215
456	0.68125	0.5770984586
457	0.6815336463	0.5769611348
458	0.6815336463	0.5768530661
459	0.6820673453	0.5766576322
460	0.6836335161	0.5764959042
461	0.6844166014	0.5763040061
462	0.684169279	0.5762049789
463	0.6836335161	0.5760781903
464	0.6836335161	0.5758977056
465	0.6836335161	0.5757110522
466	0.6833855799	0.5755222764
467	0.6836335161	0.5754246704
468	0.6838810642	0.5753395961
469	0.6830985915	0.5751916517
470	0.6833463643	0.5750476798
471	0.6833463643	0.5748637159
472	0.6838810642	0.5747493746
473	0.6849529781	0.5746233152
474	0.6849529781	0.5744383081
475	0.684169279	0.5742839936
476	0.6852433281	0.5741744883
477	0.6847058824	0.5740787151
478	0.6849529781	0.5740044069
479	0.6854901961	0.5738374518
480	0.6852433281	0.5737340825
481	0.6860282575	0.573498751
482	0.6863207547	0.5733926715
483	0.6857816182	0.573214038
484	0.6863207547	0.5730859466
485	0.6863207547	0.5730269757
486	0.6863207547	0.5729156969
487	0.6857816182	0.5727831265
488	0.6874015748	0.5725462311
489	0.6881889764	0.5724364156
490	0.6876475216	0.5723302698
491	0.6878930818	0.5721301986
492	0.6878930818	0.5720199962
493	0.6878431373	0.5718940062
494	0.688923802	0.5717903826
495	0.688923802	0.5715857659
496	0.6883830455	0.5714596138
497	0.6907946499	0.5713217817
498	0.6913385827	0.5711802117
499	0.6916403785	0.5710502284
500	0.6918833727	0.5709027915
501	0.6927330174	0.5707625036
502	0.6929755328	0.5705926296
503	0.6932806324	0.5704784911
504	0.6935229068	0.5703384859
505	0.6940711462	0.5702251677
506	0.6948616601	0.5701477369
507	0.6957210777	0.5700443105
508	0.6959619952	0.5698810877
509	0.6959619952	0.5697288202
510	0.6957210777	0.5696160066
511	0.6959619952	0.5694802936
512	0.6965134707	0.5693545308
513	0.6970658208	0.5691912599
514	0.6973058637	0.5690709724
515	0.6973058637	0.5689018738
516	0.6988906498	0.5686853327
517	0.6988906498	0.5685524294
518	0.6996830428	0.5683652685
519	0.6991290578	0.5682334028
520	0.6991290578	0.5680621436
521	0.6982622433	0.567839113
522	0.7001582278	0.5675628927
523	0.7001582278	0.5675063942
524	0.6996047431	0.5673801659
525	0.6992896606	0.5673146769
526	0.6992896606	0.5672274381
527	0.6998420221	0.5670930272
528	0.7003952569	0.5670104019
529	0.7001582278	0.5669443144
530	0.7001582278	0.5668022889
531	0.7003952569	0.5665869248
532	0.7007125891	0.566410383
533	0.7007125891	0.5662369533
534	0.7001582278	0.5660946345
535	0.7001582278	0.565956527
536	0.7009493671	0.5658313679
537	0.7003952569	0.5656994332
538	0.7003952569	0.5655924925
539	0.7003952569	0.5653700021
540	0.7006319115	0.5652033342
541	0.7007125891	0.5650771502
542	0.7004754358	0.5648809952
543	0.6999208234	0.564747415
544	0.7004754358	0.5646257264
545	0.7004754358	0.564438548
546	0.7007125891	0.5643146171
547	0.7018239492	0.5642138782
548	0.7026169707	0.5640794412
549	0.7031746032	0.5639783051
550	0.7031746032	0.563754697
551	0.7034099921	0.563612267
552	0.7028526149	0.5634534788
553	0.7025316456	0.5633294342
554	0.7042030135	0.5632073895
555	0.704437401	0.5631364505
556	0.705229794	0.5629726336
557	0.7061159651	0.5628032826
558	0.7061159651	0.5626789799
559	0.7061159651	0.5625712814
560	0.7061159651	0.5624644603
561	0.7063492063	0.5623185978
562	0.7069102462	0.5621595875
563	0.7069102462	0.5620035198
564	0.7071428571	0.5619035831
565	0.7071428571	0.5618542543
566	0.7077045274	0.5617322236
567	0.7077045274	0.5615929458
568	0.7082670906	0.5614938286
569	0.7087301587	0.5612499258
570	0.7079365079	0.5611189602
571	0.7081681205	0.5609652945
572	0.7087301587	0.5608022977
573	0.7092930898	0.5607015168
574	0.7098569157	0.5605851034
575	0.7092930898	0.5604787103
576	0.7092930898	0.5603631532
577	0.7092930898	0.5602362613
578	0.7092930898	0.5600890474
579	0.7104216388	0.5599235444
580	0.7109872611	0.5598056533
581	0.7104216388	0.5597122341
582	0.7109872611	0.5595808322
583	0.7117834395	0.5594613933
584	0.7117834395	0.559319827
585	0.7112171838	0.5592311124
586	0.7112171838	0.5590961544
587	0.7117834395	0.5589697634
588	0.7117834395	0.5588008917
589	0.7117834395	0.5586574856
590	0.7121212121	0.5585296519
591	0.7121212121	0.5584269188
592	0.7129186603	0.5583256414
593	0.7137161085	0.5581464169
594	0.7136038186	0.5579314146
595	0.7138314785	0.5578100908
596	0.7136038186	0.5576919184
597	0.7141719745	0.5575068069
598	0.7134920635	0.55731928
599	0.7137161085	0.5572020387
600	0.7147410359	0.5570415463
601	0.7153110048	0.5568362328
602	0.7166799681	0.5566749248
603	0.7166799681	0.5565763039
604	0.7155378486	0.5563702207
605	0.7166799681	0.5561921335
606	0.7172523962	0.5560652797
607	0.7188498403	0.5559417782
608	0.7186250999	0.5558171014
609	0.7188498403	0.5557431916
610	0.7197758207	0.5555831383
611	0.7201283079	0.5554075631
612	0.7205764612	0.5551950529
613	0.7203525641	0.5550462485
614	0.7197758207	0.5548935128
615	0.7203525641	0.554739759
616	0.7197758207	0.5546133142
617	0.7194244604	0.5545302819
618	0.7213771017	0.5543004482
619	0.7231139647	0.5541530502
620	0.7227564103	0.5539944345
621	0.7235576923	0.5538228197
622	0.7239165329	0.5536593269
623	0.7239165329	0.5535044575
624	0.7228915663	0.5534130175
625	0.7228915663	0.5533218226
626	0.7236947791	0.5531885867
627	0.7235576923	0.5530248165
628	0.7253012048	0.5529277331
629	0.7250803859	0.5527565455
630	0.7250803859	0.5526183502
631	0.7247191011	0.5525333782
632	0.724137931	0.5524019661
633	0.7247191011	0.5523041145
634	0.7239165329	0.5522679695
635	0.724137931	0.552094463
636	0.7235576923	0.552003166
637	0.7237790232	0.551851718
638	0.7243589744	0.5517398564
639	0.7255216693	0.55161296
640	0.7255216693	0.5514594274
641	0.7261044177	0.5513379251
642	0.7265437049	0.5512411286
643	0.726468222	0.5510905187
644	0.7278582931	0.5509279351
645	0.7276390008	0.5507363004
646	0.7282258065	0.5506351883
647	0.7288135593	0.5505230947
648	0.7284448026	0.5504290519
649	0.7284448026	0.550264867
650	0.7304277643	0.5501014749
651	0.7304277643	0.5499393636
652	0.731825525	0.5498009369
653	0.7324171382	0.5496886213
654	0.7332255457	0.5495558432
655	0.7332255457	0.5493762201
656	0.7332255457	0.5492029036
657	0.7332255457	0.5490527217
658	0.7332255457	0.5489333314
659	0.7332255457	0.5488120554
660	0.7328490718	0.548710014
661	0.7328490718	0.5485551027
662	0.7328490718	0.5484455235
663	0.7340339531	0.5482968515
664	0.7346278317	0.5481537534
665	0.7354368932	0.5480541778
666	0.7342487884	0.5479266233
667	0.7348423605	0.5478096276
668	0.7348423605	0.5476984418
669	0.7348423605	0.5475823895
670	0.7348423605	0.5473760492
671	0.7348423605	0.5473354133
672	0.7354368932	0.5471464278
673	0.7366288493	0.5470132708
674	0.7354368932	0.5468777418
675	0.7354368932	0.5466801732
676	0.7354368932	0.546606078
677	0.7354368932	0.5464858944
678	0.7366288493	0.5463637348
679	0.7360323887	0.5462517988
680	0.7368421053	0.5462032134
681	0.737439222	0.5461104127
682	0.737439222	0.5460080426
683	0.7380373074	0.5459795692
684	0.7386363636	0.54578638
685	0.7386363636	0.5456152145
686	0.7386363636	0.5455254339
687	0.7386363636	0.5454417621
688	0.7386363636	0.5453993617
689	0.7386363636	0.5452981994
690	0.7392363932	0.5451869002
691	0.7392363932	0.5450544448
692	0.7406504065	0.5449463947
693	0.7412530513	0.5447617932
694	0.7410423453	0.544648635
695	0.7410423453	0.544577402
696	0.7410423453	0.5444218092
697	0.7422512235	0.544275286
698	0.7428571429	0.5440965701
699	0.7434640523	0.544003867
700	0.7434640523	0.543889819
701	0.7446808511	0.5437649974
702	0.7454991817	0.5436661729
703	0.7459016393	0.5435342993
704	0.7452907453	0.5434446339
705	0.7450819672	0.5433291424
706	0.7450819672	0.5432309361
707	0.7456931911	0.5431152609
708	0.7456931911	0.5430122564
709	0.7463054187	0.5429011951
710	0.7471264368	0.5427786406
711	0.7477403451	0.5427084815
712	0.7477403451	0.5426100012
713	0.7477403451	0.5425185658
714	0.7485620378	0.5423446152
715	0.7485620378	0.5421009837
716	0.7479474548	0.5420104346
717	0.7483552632	0.5419018895
718	0.7491776316	0.5418085367
719	0.7491776316	0.541680889
720	0.7497942387	0.5415839739
721	0.7497942387	0.5414204196
722	0.7497942387	0.5412244139
723	0.7497942387	0.5411625998
724	0.75	0.5410691389
725	0.75	0.5409418434
726	0.750617284	0.5408106423
727	0.7512355848	0.5406856523
728	0.7512355848	0.5405066843
729	0.7512355848	0.5403719091
730	0.7512355848	0.5402608447
731	0.7512355848	0.5401416231
732	0.7504118616	0.5400369065
733	0.7504118616	0.5399659883
734	0.751650165	0.5398033355
735	0.7518549052	0.5396899544
736	0.7524752475	0.5395709946
737	0.7524752475	0.5394279469
738	0.7530966144	0.5393207331
739	0.752892562	0.5392011569
740	0.752892562	0.539116667
741	0.7535153019	0.5390392518
742	0.7537190083	0.5388619169
743	0.7541254125	0.5387182172
744	0.754748142	0.5385392011
745	0.7555739059	0.5384348019
746	0.7555739059	0.5383666798
747	0.754950495	0.5382783892
748	0.7555739059	0.5381628403
749	0.7555739059	0.5380095245
750	0.7555739059	0.5379166071
751	0.7555739059	0.5377908998
752	0.7568238213	0.537619092
753	0.7574503311	0.537493394
754	0.7587064677	0.5373652593
755	0.758077879	0.5372600862
756	0.7587064677	0.5371819635
757	0.7593360996	0.5370448977
758	0.7593360996	0.5368961121
759	0.7593360996	0.5368404003
760	0.758077879	0.5367574643
761	0.758077879	0.536648892
762	0.7587064677	0.5364727569
763	0.7593360996	0.5364215679
764	0.7605985037	0.536287489
765	0.7599667774	0.5361683878
766	0.7599667774	0.5360771987
767	0.7595356551	0.5358973585
768	0.7595356551	0.535785742
769	0.7601659751	0.5357054072
770	0.7595356551	0.5355651365
771	0.7607973422	0.5354369738
772	0.7601659751	0.5352577831
773	0.7607973422	0.5351574008
774	0.7595356551	0.5349516277
775	0.7595356551	0.5348350428
776	0.7589063795	0.5347324505
777	0.7589063795	0.5346271299
778	0.7595356551	0.5345153215
779	0.7595356551	0.5344144153
780	0.7605633803	0.5343416029
781	0.7597348799	0.534261192
782	0.7609958506	0.5341560799
783	0.7609958506	0.5340122143
784	0.7605633803	0.5338724058
785	0.7605633803	0.5337175456
786	0.7624584718	0.5335941368
787	0.7624584718	0.5334739526
788	0.7618257261	0.5334124284
789	0.7626556017	0.5332779503
790	0.7628524046	0.5331765769
791	0.7628524046	0.5331061717
792	0.7628524046	0.5330088517
793	0.7628524046	0.5329034122
794	0.7632890365	0.5327830913
795	0.7632890365	0.5327040907
796	0.7632890365	0.5326178865
797	0.7632890365	0.5325162408
798	0.7632890365	0.5323476268
799	0.7641196013	0.5322241214
800	0.7643153527	0.532144222
801	0.7643153527	0.5320442068
802	0.7643153527	0.5319053507
803	0.7649501661	0.5318506666
804	0.7651452282	0.5317107605
805	0.7657807309	0.531560817
806	0.7664172901	0.5314135097
807	0.7657807309	0.5313322171
808	0.7664172901	0.5311415961
809	0.7670549085	0.5309925494
810	0.7668609492	0.5308376948
811	0.7670549085	0.530747294
812	0.7668609492	0.5306559921
813	0.7668609492	0.5305252749
814	0.7676935887	0.5304173247
815	0.7676935887	0.530282367
816	0.7683333333	0.5300897168
817	0.7696160267	0.5299764947
818	0.7696160267	0.5298664022
819	0.7696160267	0.5296858928
820	0.7702589808	0.5295537021
821	0.7715481172	0.5294176539
822	0.7721943049	0.529283791
823	0.7721943049	0.5291864984
824	0.7721943049	0.5290077661
825	0.7728415759	0.5289458879
826	0.7728415759	0.5288649087
827	0.7728415759	0.5287316499
828	0.7728415759	0.5286434321
829	0.7728415759	0.5285582302
830	0.7728415759	0.5284280928
831	0.7728415759	0.5283139747
832	0.7728415759	0.5281707101
833	0.7728415759	0.5280433778
834	0.7734899329	0.5278778023
835	0.7734899329	0.5278062549
836	0.7749790092	0.5277228964
837	0.7751677852	0.5275836504
838	0.7745180218	0.5274467126
839	0.7756302521	0.5273244058
840	0.7762825904	0.5272000348
841	0.7758186398	0.5270752711
842	0.7758186398	0.526926433
843	0.7751677852	0.526843436
844	0.7756302521	0.5267496284
845	0.7752525253	0.5266679282
846	0.7759056445	0.5265380253
847	0.7759056445	0.5264699644
848	0.7752525253	0.5263271441
849	0.7754415475	0.5262116921
850	0.774789916	0.5261177029
851	0.7771236333	0.5259769801
852	0.7771236333	0.5258959447
853	0.7771236333	0.5257882199
854	0.7774979009	0.5256574735
855	0.7773109244	0.5255473766
856	0.7773109244	0.5254397775
857	0.7773109244	0.5253597099
858	0.7773109244	0.5252523748
859	0.7773109244	0.5251527802
860	0.7773109244	0.5250862163
861	0.7766582704	0.5249990402
862	0.7774979009	0.5248789976
863	0.7783375315	0.5247446843
864	0.7783375315	0.5246632888
865	0.7776845638	0.5245521527
866	0.7789915966	0.5243593914
867	0.7804878049	0.5242102345
868	0.7798319328	0.5241010126
869	0.7804878049	0.5240391776
870	0.7806722689	0.5239182627
871	0.7818028644	0.5237548687
872	0.7818028644	0.5236429579
873	0.7813288478	0.5235401505
874	0.781986532	0.5233915824
875	0.781986532	0.5232748728
876	0.7821698907	0.5231196106
877	0.7834877843	0.5229692169
878	0.7829391892	0.5227987214
879	0.7834877843	0.5226671189
880	0.7828282828	0.5225302249
881	0.7830109336	0.522443911
882	0.7836700337	0.5223253093
883	0.7830109336	0.5221670991
884	0.7836700337	0.5220343258
885	0.7836700337	0.5219411525
886	0.7836700337	0.5218610769
887	0.7823529412	0.5217339567
888	0.7833052277	0.5216056779
889	0.7826453243	0.5215401993
890	0.7839662447	0.5214081342
891	0.7846283784	0.5212904137
892	0.7844463229	0.521204661
893	0.7846283784	0.521072693
894	0.7859560068	0.520918343
895	0.78613694	0.5207892723
896	0.78613694	0.5206930579
897	0.78613694	0.5205791785
898	0.7868020305	0.5204614538
899	0.7876480541	0.5203834956
900	0.7876480541	0.5202781307
901	0.7876480541	0.5201792284
902	0.7871621622	0.520010989
903	0.7880067568	0.5198575209
904	0.7880067568	0.5197908517
905	0.7880067568	0.5197326271
906	0.7880067568	0.5196117547
907	0.7880067568	0.5195111525
908	0.7886728656	0.5194051361
909	0.7886728656	0.5193039349
910	0.7886728656	0.5191870041
911	0.7893401015	0.5191327186
912	0.7893401015	0.5190274319
913	0.7906779661	0.5189228954
914	0.7906779661	0.5188051538
915	0.7901861252	0.5186605196
916	0.7895181741	0.5185227786
917	0.7893401015	0.5184296048
918	0.7895181741	0.5183772715
919	0.7893401015	0.5182312914
920	0.7900084674	0.5180971866
921	0.7900084674	0.5179751599
922	0.7900084674	0.5178666386
923	0.7900084674	0.5178093418
924	0.7906779661	0.5176986566
925	0.7906779661	0.517624448
926	0.7920203735	0.5174939024
927	0.7913486005	0.5174660467
928	0.7920203735	0.5173181203
929	0.7920203735	0.5171187953
930	0.7915254237	0.5169848043
931	0.7921967769	0.5168987048
932	0.7920203735	0.5167397781
933	0.7928692699	0.5166281641
934	0.7920203735	0.5165335408
935	0.7930449534	0.5164331639
936	0.7930449534	0.5163351265
937	0.7923728814	0.5161232829
938	0.7923728814	0.5160232412
939	0.7923728814	0.515955042
940	0.793220339	0.5158226643
941	0.7930449534	0.515684536
942	0.7938931298	0.5155238407
943	0.7938931298	0.5154359527
944	0.7938931298	0.5153454143
945	0.7945670628	0.5151930148
946	0.7945670628	0.5150771022
947	0.7945670628	0.5150204701
948	0.7947413062	0.5149630961
949	0.7947413062	0.514891667
950	0.7945670628	0.5147668684
951	0.7940677966	0.5146634489
952	0.7945670628	0.5145092431
953	0.795242141	0.5143867059
954	0.7947413062	0.5142074835
955	0.7960917587	0.5140671881
956	0.7960917587	0.513972253
957	0.7960917587	0.5138772737
958	0.7960917587	0.5137993391
959	0.7974468085	0.5136799448
960	0.7981260647	0.5135319383
961	0.7981260647	0.5134582973
962	0.7988064791	0.5133267933
963	0.7988064791	0.5132192918
964	0.7981260647	0.5131275595
965	0.7988064791	0.5130373624
966	0.7979539642	0.5129689297
967	0.797274276	0.5128393361
968	0.7979539642	0.5127506453
969	0.7979539642	0.5126672993
970	0.7979539642	0.512565728
971	0.7981260647	0.5124366071
972	0.7981260647	0.5123027796
973	0.7967687075	0.5121462962
974	0.7967687075	0.5120801899
975	0.7989778535	0.5119274613
976	0.7984693878	0.5118002948
977	0.7984693878	0.5116597261
978	0.7991489362	0.5115888887
979	0.7989778535	0.5114728827
980	0.799658994	0.5113849854
981	0.7982978723	0.5112603889
982	0.7982978723	0.511096222
983	0.7982978723	0.5110279842
984	0.7989778535	0.5108987133
985	0.7989778535	0.5108254214
986	0.7989778535	0.5107174069
987	0.7989778535	0.5105276927
988	0.799658994	0.5104316317
989	0.8010247652	0.5103051253
990	0.8011945392	0.51021891
991	0.800511509	0.5100495444
992	0.8	0.5098887684
993	0.8013640239	0.5097858551
994	0.8013640239	0.5096906548
995	0.8020477816	0.5095817641
996	0.8013640239	0.5094233565
997	0.8020477816	0.5093501543
998	0.8025641026	0.5092652492
999	0.8027327071	0.5091577204
1000	0.8029010239	0.5090937044
1001	0.8022165388	0.5089695091
1002	0.8027327071	0.508857616
1003	0.8022165388	0.508774654
1004	0.8022165388	0.5086286722
1005	0.8023850085	0.5085484116
1006	0.8030690537	0.5083783379
1007	0.804440649	0.5082720397
1008	0.8030690537	0.5081542861
1009	0.8037542662	0.5080142571
1010	0.8037542662	0.5079034793
1011	0.8037542662	0.5078101554
1012	0.8037542662	0.5076671005
1013	0.804440649	0.5075794342
1014	0.8058169376	0.5074755069
1015	0.8066723695	0.5074044002
1016	0.8073630137	0.5072651894
1017	0.8073630137	0.507185424
1018	0.8087478559	0.507055362
1019	0.8087478559	0.5069462629
1020	0.8089117395	0.5067743984
1021	0.8096054889	0.5066555336
1022	0.8089117395	0.5065616775
1023	0.8089117395	0.5064996796
1024	0.8096054889	0.5063472134
1025	0.8089117395	0.5062132507
1026	0.8089117395	0.5060659178
1027	0.8104631218	0.5059485009
1028	0.8097686375	0.5058697986
1029	0.8090753425	0.5057700431
1030	0.8096054889	0.5056145312
1031	0.8096054889	0.5055224318
1032	0.8097686375	0.5053845174
1033	0.8090753425	0.5052629463
1034	0.8099315068	0.505107429
1035	0.8099315068	0.5049941806
1036	0.8100940975	0.5048294968
1037	0.8099315068	0.5046986211
1038	0.8106255356	0.5045882423
1039	0.8099315068	0.5044493973
1040	0.8106255356	0.5043595109
1041	0.8114824336	0.5042723822
1042	0.8128755365	0.5041731742
1043	0.8121783877	0.5040394305
1044	0.8127147766	0.5039433562
1045	0.8121783877	0.5038678261
1046	0.8135738832	0.5037672839
1047	0.8123393316	0.503672289
1048	0.8128755365	0.5035457835
1049	0.8128755365	0.5033460223
1050	0.8135738832	0.5032237616
1051	0.8127147766	0.5031210537
1052	0.8142734308	0.5030012507
1053	0.8142734308	0.5028957674
1054	0.8149741824	0.5027958865
1055	0.8128755365	0.5026650524
1056	0.8149741824	0.5025470706
1057	0.8142734308	0.5024515858
1058	0.8144329897	0.5023787561
1059	0.8137339056	0.5022954518
1060	0.8137339056	0.5021783092
1061	0.8135738832	0.5021118222
1062	0.8137339056	0.5020351669
1063	0.8144329897	0.5019005518
1064	0.815133276	0.5018084339
1065	0.8144329897	0.5016548621
1066	0.8144329897	0.5015037743
1067	0.8152920962	0.5014017104
1068	0.8152920962	0.5012467367
1069	0.8168529665	0.5010617312
1070	0.8168529665	0.5009011409
1071	0.8168529665	0.5007602233
1072	0.8168529665	0.5006397874
1073	0.8168529665	0.5005602664
1074	0.8168529665	0.5004723127
1075	0.8161512027	0.5003495084
1076	0.8161512027	0.5002280935
1077	0.8163090129	0.5001139284
1078	0.8177128117	0.4999849998
1079	0.8177128117	0.4998343156
1080	0.817555938	0.4997627089
1081	0.817555938	0.4997009597
1082	0.8168529665	0.4995976077
1083	0.8177128117	0.4994844351
1084	0.8177128117	0.4994214615
1085	0.8184165232	0.4993086557
1086	0.8184165232	0.4991941393
1087	0.8184165232	0.4990876079
1088	0.8185726569	0.4989225286
1089	0.8185726569	0.4988128541
1090	0.8178694158	0.4987004104
1091	0.8178694158	0.4986188677
1092	0.8178694158	0.4985298484
1093	0.8178694158	0.4984128823
1094	0.8178694158	0.498297448
1095	0.8185726569	0.4981577005
1096	0.8192771084	0.4980769066
1097	0.8199827735	0.4979822522
1098	0.8206896552	0.4978209091
1099	0.8213977567	0.4977081761
1100	0.8213977567	0.4976039288
1101	0.8213977567	0.4975198545
1102	0.8219533276	0.4973312911
1103	0.8226643599	0.4973044965
1104	0.8205349439	0.4971793257
1105	0.8205349439	0.4970523428
1106	0.8219533276	0.4969497699
1107	0.8221070812	0.49685504
1108	0.8228176318	0.4966926636
1109	0.8221070812	0.4965625154
1110	0.8221070812	0.496439972
1111	0.8221070812	0.496333659
1112	0.8228176318	0.4962286163
1113	0.8228176318	0.4961488641
1114	0.8221070812	0.496018722
1115	0.8221070812	0.4958938829
1116	0.8222605695	0.4957071847
1117	0.8224137931	0.4956112813
1118	0.8224137931	0.4954803299
1119	0.8231233822	0.4954061598
1120	0.8231233822	0.4952974475
1121	0.8238341969	0.4952236391
1122	0.8245462403	0.4950499459
1123	0.8245462403	0.4949666696
1124	0.8238341969	0.4948815126
1125	0.8238341969	0.4947908754
1126	0.8231233822	0.4946479214
1127	0.8231233822	0.494542645
1128	0.8231233822	0.4944523232
1129	0.8238341969	0.4943090013
1130	0.8245462403	0.4941694674
1131	0.8245462403	0.4940710062
1132	0.8252595156	0.4939438739
1133	0.8252595156	0.4938186718
1134	0.8252595156	0.4937439926
1135	0.8252595156	0.4936166997
1136	0.8245462403	0.4935218897
1137	0.8245462403	0.4933923605
1138	0.8245462403	0.493218449
1139	0.8245462403	0.4930875556
1140	0.8245462403	0.4929857491
1141	0.8245462403	0.492874132
1142	0.8252595156	0.4927460931
1143	0.8254105445	0.4926203771
1144	0.8261245675	0.4925009767
1145	0.8268398268	0.4924292701
1146	0.8268398268	0.4923147062
1147	0.8268398268	0.4922185855
1148	0.8268398268	0.4921082721
1149	0.8268398268	0.4919669118
1150	0.8268398268	0.4918096292
1151	0.8266897747	0.4916803416
1152	0.8266897747	0.4916319706
1153	0.8266897747	0.491546729
1154	0.8266897747	0.4914512767
1155	0.8268398268	0.4913709147
1156	0.8285714286	0.4912407907
1157	0.8282740676	0.4910949655
1158	0.8282740676	0.4910343445
1159	0.8282740676	0.4909051077
1160	0.8282740676	0.4907937
1161	0.8282740676	0.4907621675
1162	0.8282740676	0.4906277564
1163	0.8284228769	0.4905654485
1164	0.8282740676	0.490510669
1165	0.8297132928	0.4903652807
1166	0.8298611111	0.4902729051
1167	0.8301559792	0.4902200145
1168	0.8301559792	0.4900885452
1169	0.8301559792	0.4899261695
1170	0.8308759757	0.4898321961
1171	0.8308759757	0.4897172493
1172	0.8301559792	0.4895640721
1173	0.8308759757	0.4894755498
1174	0.8301559792	0.4893725223
1175	0.8308759757	0.4892673982
1176	0.8308759757	0.4891858626
1177	0.8308759757	0.4891088604
1178	0.8308759757	0.4889649441
1179	0.8301559792	0.4888768019
1180	0.8315972222	0.4887195018
1181	0.832319722	0.4886008771
1182	0.8330434783	0.4884608284
1183	0.8337684943	0.4883473878
1184	0.832319722	0.488247383
1185	0.8330434783	0.4881642542
1186	0.8339130435	0.4880249795
1187	0.8339130435	0.4879296753
1188	0.8339130435	0.4878349703
1189	0.8331885317	0.4877029161
1190	0.8331885317	0.4875322107
1191	0.8340573414	0.487356792
1192	0.8333333333	0.4872512386
1193	0.8331885317	0.4872108507
1194	0.8331885317	0.4870808889
1195	0.8339130435	0.4869805829
1196	0.8353658537	0.4869109425
1197	0.8353658537	0.4867935796
1198	0.8353658537	0.4866909171
1199	0.8355091384	0.4865739368
1200	0.8346388164	0.486468621
1201	0.8355091384	0.4863471327
1202	0.8355091384	0.4862385265
1203	0.8355091384	0.4861607548
1204	0.8362369338	0.4860549299
1205	0.8357949609	0.4859928163
1206	0.8368237347	0.4857831367
1207	0.8369659983	0.4856843468
1208	0.8369659983	0.4855288758
1209	0.8369659983	0.4854501917
1210	0.8376963351	0.4853099852
1211	0.8376963351	0.4851290389
1212	0.8378378378	0.4850436312
1213	0.8378378378	0.4849155694
1214	0.8378378378	0.484786756
1215	0.8378378378	0.4846741066
1216	0.8379790941	0.4845692441
1217	0.8372497824	0.484419299
1218	0.8372497824	0.4843462443
1219	0.8373913043	0.4842322191
1220	0.8372497824	0.48409273
1221	0.8372497824	0.4840019774
1222	0.8379790941	0.4838820826
1223	0.8385689354	0.4837722689
1224	0.8385689354	0.4836516104
1225	0.8387096774	0.4835152336
1226	0.8385689354	0.4833827943
1227	0.8385689354	0.4832923101
1228	0.8385689354	0.4832011104
1229	0.8385689354	0.4830991794
1230	0.83930131	0.4829943618
1231	0.83930131	0.4828445449
1232	0.8394415358	0.4827101204
1233	0.840034965	0.4825342065
1234	0.83930131	0.4824410094
1235	0.8401746725	0.482345172
1236	0.8398950131	0.4822637374
1237	0.83930131	0.4821758045
1238	0.8401746725	0.4820668217
1239	0.8409090909	0.4819457804
1240	0.8416447944	0.4818774973
1241	0.8407699038	0.4817741926
1242	0.8409090909	0.4816338716
1243	0.8416447944	0.4814540615
1244	0.8415061296	0.4813915105
1245	0.8422436459	0.4812835723
1246	0.8422436459	0.4811968128
1247	0.8422436459	0.4811219198
1248	0.8431200701	0.4809535979
1249	0.8423817863	0.4808280856
1250	0.8438596491	0.4806714272
1251	0.8438596491	0.480567138
1252	0.8446005268	0.4804593167
1253	0.8446005268	0.4803777082
1254	0.8431200701	0.4802222996
1255	0.8438596491	0.4801082446
1256	0.8432574431	0.4800138083
1257	0.8432574431	0.4799195055
1258	0.8432574431	0.4798681583
1259	0.8432574431	0.4797585154
1260	0.8447368421	0.4796478836
1261	0.8447368421	0.4795235048
1262	0.8447368421	0.4794063213
1263	0.8447368421	0.4793452557
1264	0.8447368421	0.4792694304
1265	0.8447368421	0.4791867409
1266	0.8454784899	0.47903922
1267	0.8446005268	0.4789649718
1268	0.8446005268	0.4788814699
1269	0.8453427065	0.478813073
1270	0.8453427065	0.478763272
1271	0.8460861917	0.4786493949
1272	0.8469656992	0.4785194412
1273	0.8469656992	0.4784270084
1274	0.8469656992	0.4782998486
1275	0.8469656992	0.4781550809
1276	0.8469656992	0.4780295668
1277	0.8469656992	0.4778882007
1278	0.8469656992	0.477794815
1279	0.8477112676	0.4776565214
1280	0.8477112676	0.4775590644
1281	0.8475770925	0.477469399
1282	0.8475770925	0.4774213968
1283	0.8475770925	0.4772892234
1284	0.8477112676	0.4772082369
1285	0.8477112676	0.4770898217
1286	0.8477112676	0.4769420606
1287	0.8477112676	0.4768697142
1288	0.8477112676	0.4767601932
1289	0.8477112676	0.4767027128
1290	0.8469656992	0.4766203515
1291	0.8477112676	0.4765543255
1292	0.8469656992	0.4764702667
1293	0.8471001757	0.4763756139
1294	0.8484581498	0.476268505
1295	0.8492063492	0.4761269632
1296	0.849339207	0.4759836266
1297	0.849339207	0.4759131618
1298	0.8484581498	0.4758221229
1299	0.8477112676	0.4757366036
1300	0.8485915493	0.4756250778
1301	0.8487247142	0.4755221843
1302	0.8487247142	0.4753786605
1303	0.8487247142	0.4752749308
1304	0.8479789104	0.4751167764
1305	0.8479789104	0.4749948464
1306	0.849471831	0.4748483294
1307	0.849471831	0.474750969
1308	0.8487247142	0.474635929
1309	0.849471831	0.4745640718
1310	0.849471831	0.4744916985
1311	0.8487247142	0.4744054045
1312	0.8487247142	0.4743094766
1313	0.849471831	0.4742350093
1314	0.8479789104	0.4741390074
1315	0.8487247142	0.473992079
1316	0.8479789104	0.4738635086
1317	0.849471831	0.4737113529
1318	0.849471831	0.4736140612
1319	0.8502202643	0.4734646774
1320	0.8500881834	0.4733294824
1321	0.8508384819	0.4732025001
1322	0.8508384819	0.4731079056
1323	0.8508384819	0.472976707
1324	0.851590106	0.4728456165
1325	0.8508384819	0.472752758
1326	0.8509700176	0.4726787151
1327	0.8509700176	0.4725734504
1328	0.8517210944	0.4724425109
1329	0.8509700176	0.4723828401
1330	0.851590106	0.4723210068
1331	0.8508384819	0.4722422857
1332	0.8508384819	0.4721139082
1333	0.8507067138	0.4720462592
1334	0.8517210944	0.4719484901
1335	0.8517210944	0.4718517433
1336	0.851590106	0.4717785188
1337	0.851590106	0.4716127704
1338	0.851590106	0.4715100092
1339	0.851590106	0.4714697379
1340	0.851590106	0.4713655183
1341	0.8514588859	0.4712268941
1342	0.8514588859	0.4711220674
1343	0.8514588859	0.4710194239
1344	0.8513274336	0.4708906751
1345	0.8514588859	0.4707955319
1346	0.8514588859	0.4706644073
1347	0.8507067138	0.4705480193
1348	0.8507067138	0.4704493015
1349	0.8507067138	0.4703163884
1350	0.8507067138	0.4702287704
1351	0.8514588859	0.4700879504
1352	0.8522123894	0.4699477162
1353	0.852081488	0.4698375588
1354	0.852081488	0.4697816575
1355	0.8528368794	0.4696687348
1356	0.8529672276	0.4695190499
1357	0.8530973451	0.4693820619
1358	0.8530973451	0.4692556572
1359	0.8532272325	0.4691687838
1360	0.8532272325	0.4690516408
1361	0.8539823009	0.4689739736
1362	0.8532272325	0.4688272423
1363	0.8532272325	0.468637267
1364	0.8547387068	0.4684914256
1365	0.8548672566	0.4683612891
1366	0.8541114058	0.468238565
1367	0.8542402827	0.4680693524
1368	0.8554964539	0.4679704901
1369	0.8541114058	0.4678221828
1370	0.8548672566	0.4677369409
1371	0.8556244464	0.4676150108
1372	0.8556244464	0.4675295539
1373	0.8548672566	0.4673996157
1374	0.8556244464	0.4672973783
1375	0.8571428571	0.4672099918
1376	0.8566371681	0.4670789093
1377	0.856510186	0.4669559524
1378	0.8573959256	0.4668411669
1379	0.8587921847	0.4667546601
1380	0.8587921847	0.4666488364
1381	0.8595555556	0.4665362377
1382	0.8587921847	0.4664241274
1383	0.8587921847	0.4662282799
1384	0.8603202847	0.4661554531
1385	0.8603202847	0.4660250276
1386	0.8603202847	0.4659455986
1387	0.8603202847	0.4658197415
1388	0.8604444444	0.4657371507
1389	0.8601959038	0.4656755701
1390	0.8603202847	0.4655208715
1391	0.8603202847	0.4654015132
1392	0.8610863758	0.465244264
1393	0.8610863758	0.4651427926
1394	0.8610863758	0.4650145338
1395	0.8610863758	0.4649187059
1396	0.8612099644	0.4648262292
1397	0.8612099644	0.464711704
1398	0.8596802842	0.4645989324
1399	0.8610863758	0.4644487398
1400	0.862745098	0.4643293812
1401	0.8619768477	0.4642150623
1402	0.8619768477	0.4640888401
1403	0.8619768477	0.4639910862
1404	0.8619768477	0.4639065569
1405	0.8628673197	0.4637556929
1406	0.8628673197	0.4636742221
1407	0.8628673197	0.4635924227
1408	0.8628673197	0.4634955619
1409	0.8628673197	0.4634372113
1410	0.8636363636	0.4633418477
1411	0.8644067797	0.4632585725
1412	0.8636363636	0.4631843267
1413	0.8651785714	0.4631407998
1414	0.8651785714	0.4629744405
1415	0.8644067797	0.4628298137
1416	0.8644067797	0.4627108581
1417	0.8644067797	0.4626268164
1418	0.8636363636	0.4625437772
1419	0.8651785714	0.4624529884
1420	0.8659517426	0.4623941722
1421	0.8659517426	0.4622941741
1422	0.8644067797	0.4621595488
1423	0.8651785714	0.4620482677
1424	0.8659517426	0.4619359693
1425	0.8659517426	0.4618564774
1426	0.866726297	0.4617404227
1427	0.8659517426	0.4615988002
1428	0.8659517426	0.4614991327
1429	0.8675022381	0.461446426
1430	0.8676207513	0.4613306459
1431	0.8676207513	0.4611777997
1432	0.8668453977	0.4610116043
1433	0.8668453977	0.4609133048
1434	0.8668453977	0.4607504232
1435	0.8668453977	0.4606214126
1436	0.8669642857	0.4605396295
1437	0.8677390527	0.4604245721
1438	0.8685152057	0.460322713
1439	0.8685152057	0.4602123821
1440	0.8685152057	0.460074806
1441	0.8677390527	0.4599591681
1442	0.8692927484	0.4598522038
1443	0.8692927484	0.4597497941
1444	0.8700716846	0.4595895446
1445	0.8700716846	0.4594888993
1446	0.8700716846	0.4594024725
1447	0.8700716846	0.4593190049
1448	0.8708520179	0.4591888854
1449	0.8708520179	0.4590905532
1450	0.8708520179	0.4589180836
1451	0.8708520179	0.4588140876
1452	0.8708520179	0.4587136808
1453	0.8708520179	0.4586447167
1454	0.8708520179	0.4585183242
1455	0.8709677419	0.4583702029
1456	0.8709677419	0.4581981038
1457	0.8709677419	0.458100302
1458	0.8709677419	0.4579939578
1459	0.8710832587	0.4578571714
1460	0.8718637993	0.4577329553
1461	0.8718637993	0.4576007405
1462	0.8718637993	0.4574972536
1463	0.8718637993	0.4574101583
1464	0.8726457399	0.4571998004
1465	0.875	0.4570999574
1466	0.8757875788	0.456984039
1467	0.8757875788	0.4569125582
1468	0.8751123091	0.4568072847
1469	0.875	0.4566946422
1470	0.8751123091	0.4565654998
1471	0.8758992806	0.4564755544
1472	0.8757875788	0.4563190022
1473	0.8765765766	0.4562158138
1474	0.8773669973	0.4560599289
1475	0.8773669973	0.4559493917
1476	0.8765765766	0.4558637465
1477	0.8773669973	0.4557226181
1478	0.8798554652	0.4555571569
1479	0.8791704238	0.4554315809
1480	0.8792792793	0.4553413775
1481	0.8792792793	0.4552334633
1482	0.8801801802	0.4551649443
1483	0.8801801802	0.4550977543
1484	0.8801801802	0.4550377316
1485	0.8801801802	0.4549162007
1486	0.8791704238	0.454766702
1487	0.8799638989	0.4547147378
1488	0.8784878488	0.4546226167
1489	0.8792792793	0.4545025712
1490	0.8792792793	0.454384811
1491	0.8792792793	0.4543356291
1492	0.8792792793	0.4542253391
1493	0.8793879388	0.4541660084
1494	0.8801801802	0.4540725855
1495	0.8793879388	0.4539528404
1496	0.8801801802	0.4538538136
1497	0.8800721371	0.453744871
1498	0.880866426	0.4536799318
1499	0.88166215	0.4535928136
1500	0.88166215	0.4534752292
1501	0.8832579186	0.453322053
1502	0.8832579186	0.4532643354
1503	0.88166215	0.4531174881
1504	0.8832579186	0.4529812703
1505	0.8825654923	0.4529302129
1506	0.883363472	0.4528377532
1507	0.884057971	0.4526949581
1508	0.884057971	0.4525531438
1509	0.8856624319	0.452477887
1510	0.8848594742	0.4523765396
1511	0.8847549909	0.4522345754
1512	0.8847549909	0.4521448078
1513	0.8848594742	0.4520690361
1514	0.8857660925	0.4519704057
1515	0.8857660925	0.4518604809
1516	0.8849637681	0.4517950154
1517	0.8849637681	0.4517225861
1518	0.8856624319	0.4516021558
1519	0.886569873	0.4514749832
1520	0.8866727108	0.4513784155
1521	0.8859728507	0.4512145848
1522	0.8859728507	0.4511118353
1523	0.8859728507	0.4509865881
1524	0.8859728507	0.4508798146
1525	0.8866727108	0.4507610765
1526	0.8866727108	0.4506758725
1527	0.8850678733	0.4505485565
1528	0.8859728507	0.4504431903
1529	0.8875793291	0.4503158211
1530	0.8882833787	0.4502276904
1531	0.8875793291	0.4501217328
1532	0.8875793291	0.4500279094
1533	0.8875793291	0.4499311398
1534	0.8858695652	0.4498688528
1535	0.889191644	0.449728677
1536	0.888384755	0.449551185
1537	0.888384755	0.4494368558
1538	0.8884859474	0.4492277959
1539	0.8884859474	0.4491313387
1540	0.8884859474	0.4490888025
1541	0.889191644	0.44897249
1542	0.8875793291	0.4489035126
1543	0.888384755	0.4488015602
1544	0.888384755	0.4486459852
1545	0.888384755	0.4485273861
1546	0.889292196	0.448399433
1547	0.889292196	0.4482192197
1548	0.889292196	0.4481822046
1549	0.889292196	0.4481209864
1550	0.8884859474	0.4480297948
1551	0.8884859474	0.4479651185
1552	0.889292196	0.4478111168
1553	0.889292196	0.447690116
1554	0.8884859474	0.4475528716
1555	0.8884859474	0.4474609238
1556	0.889292196	0.4473854676
1557	0.889292196	0.4473091454
1558	0.889292196	0.4472028963
1559	0.8876811594	0.4470558565
1560	0.8900999092	0.4468681212
1561	0.8900999092	0.4467460905
1562	0.8909090909	0.4466280623
1563	0.8909090909	0.4465365808
1564	0.8909090909	0.4464125296
1565	0.8910081744	0.44630008
1566	0.8909090909	0.4461730615
1567	0.8910081744	0.4461375257
1568	0.891107078	0.4460627465
1569	0.8910081744	0.4459313877
1570	0.8919164396	0.4458351773
1571	0.8927272727	0.4457313059
1572	0.8919164396	0.4456487229
1573	0.891107078	0.445571753
1574	0.891107078	0.4454912178
1575	0.891107078	0.4453289761
1576	0.890299184	0.4451953229
1577	0.8927272727	0.4450869484
1578	0.8927272727	0.4449898038
1579	0.8927272727	0.4448888547
1580	0.8927272727	0.4447813847
1581	0.8943533698	0.444690274
1582	0.8943533698	0.4445062047
1583	0.8943533698	0.4444648662
1584	0.8943533698	0.4443935969
1585	0.8935395814	0.4443146999
1586	0.893442623	0.4441685334
1587	0.8942570647	0.4439977716
1588	0.8942570647	0.4438702511
1589	0.8942570647	0.4437766223
1590	0.8943533698	0.4436818312
1591	0.8935395814	0.443556772
1592	0.8943533698	0.4434462595
1593	0.8944494995	0.4433654031
1594	0.8951686418	0.4432391059
1595	0.8943533698	0.4431066681
1596	0.8943533698	0.4430491802
1597	0.8943533698	0.4429055238
1598	0.8943533698	0.4427567732
1599	0.8951686418	0.4425782106
1600	0.8959854015	0.4425150727
1601	0.896803653	0.4423337041
1602	0.896803653	0.4422794737
1603	0.8960802188	0.4421489547
1604	0.897716895	0.4419967832
1605	0.8976234004	0.4419285027
1606	0.8976234004	0.4418451479
1607	0.8976234004	0.4416600831
1608	0.8976234004	0.4415779204
1609	0.8968978102	0.4414301756
1610	0.897716895	0.441310301
1611	0.897716895	0.4411947637
1612	0.897716895	0.4411483997
1613	0.8984446478	0.4409837335
1614	0.8984446478	0.4409141119
1615	0.8984446478	0.440781269
1616	0.897716895	0.4406093048
1617	0.8985374771	0.4404901596
1618	0.8985374771	0.4404171272
1619	0.898630137	0.4402829277
1620	0.898630137	0.4400979773
1621	0.898630137	0.4399886578
1622	0.8994515539	0.4398711969
1623	0.8994515539	0.4397651365
1624	0.9001831502	0.4396430219
1625	0.9010082493	0.4394656463
1626	0.9010082493	0.4393641543
1627	0.9010082493	0.4392573329
1628	0.9009174312	0.4391489336
1629	0.9009174312	0.4390654143
1630	0.9009174312	0.4389731416
1631	0.9009174312	0.4387898026
1632	0.9009174312	0.4386641256
1633	0.9009174312	0.4385018522
1634	0.9010082493	0.4383775191
1635	0.9010082493	0.4382923428
1636	0.9010989011	0.4382110648
1637	0.9010989011	0.4381197406
1638	0.9010989011	0.4380108091
1639	0.9010989011	0.4378678468
1640	0.9010989011	0.4377842255
1641	0.9010989011	0.4376302761
1642	0.9010989011	0.437521755
1643	0.9019248396	0.4373558851
1644	0.9019248396	0.4372676877
1645	0.9019248396	0.4371727779
1646	0.9018348624	0.4370724097
1647	0.9018348624	0.4369665114
1648	0.9019248396	0.43684469
1649	0.9019248396	0.4367685987
1650	0.9019248396	0.4367036972
1651	0.9019248396	0.4366218756
1652	0.9019248396	0.436575212
1653	0.9019248396	0.4364993534
1654	0.9018348624	0.4363813144
1655	0.9018348624	0.4362143478
1656	0.9018348624	0.4360465733
1657	0.9018348624	0.4359316513
1658	0.9018348624	0.4358357467
1659	0.902014652	0.4356599894
1660	0.902014652	0.435572632
1661	0.9021937843	0.4354878132
1662	0.9021937843	0.435382895
1663	0.9029304029	0.4352750931
1664	0.9029304029	0.4352012866
1665	0.902014652	0.4351009554
1666	0.902014652	0.4349773745
1667	0.9021043001	0.4348828332
1668	0.9021043001	0.4348153417
1669	0.9021043001	0.4347246373
1670	0.9021043001	0.4345231782
1671	0.9030192132	0.4344147681
1672	0.9030192132	0.4343000177
1673	0.9039341263	0.4341550499
1674	0.9037580202	0.4340459218
1675	0.9038461538	0.4339252664
1676	0.9030192132	0.4337907791
1677	0.9038461538	0.433670677
1678	0.9038461538	0.4335761453
1679	0.9031078611	0.433404869
1680	0.903196347	0.4333109288
1681	0.9030192132	0.433112699
1682	0.9038461538	0.432979991
1683	0.9046746104	0.4329212779
1684	0.9046746104	0.4328429596
1685	0.9046746104	0.4327275875
1686	0.9046746104	0.432568181
1687	0.9046746104	0.4324717492
1688	0.9055912007	0.4323370705
1689	0.9055912007	0.4322700765
1690	0.9055912007	0.4321589853
1691	0.906507791	0.4320325435
1692	0.9064220183	0.4319285036
1693	0.9064220183	0.4318063556
1694	0.9081726354	0.4316614604
1695	0.9099264706	0.4315168793
1696	0.9107635695	0.431424499
1697	0.9108455882	0.4313040774
1698	0.9108455882	0.4312188089
1699	0.9108455882	0.4311000193
1700	0.9108455882	0.4310099084
1701	0.9091743119	0.4308749613
1702	0.9100091827	0.4307988342
1703	0.9100091827	0.4306878574
1704	0.9108455882	0.4305863978
1705	0.9116835327	0.430434216
1706	0.9108455882	0.4303179382
1707	0.9108455882	0.4302073894
1708	0.9108455882	0.4300921363
1709	0.9116835327	0.4299880139
1710	0.9116835327	0.4299104225
1711	0.9108455882	0.4297930433
1712	0.9108455882	0.4296877633
1713	0.9109274564	0.4295581252
1714	0.9110091743	0.429451553
1715	0.91184573	0.4293074376
1716	0.9110091743	0.4291876386
1717	0.91184573	0.4290484017
1718	0.9126838235	0.428933223
1719	0.9126838235	0.4287919079
1720	0.91184573	0.4286499965
1721	0.9117647059	0.4285306082
1722	0.9134438306	0.4284061186
1723	0.9142857143	0.4282593944
1724	0.9134438306	0.4281615841
1725	0.9134438306	0.428100379
1726	0.9134438306	0.4279998751
1727	0.9142066421	0.4278872508
1728	0.9133640553	0.427727024
1729	0.9133640553	0.4276163985
1730	0.9125230203	0.4275011581
1731	0.9125230203	0.4274395798
1732	0.9133640553	0.4272992428
1733	0.9142066421	0.4272168891
1734	0.9142066421	0.4271361199
1735	0.9142857143	0.4270639077
1736	0.9142857143	0.4269545983
1737	0.9142857143	0.4268843056
1738	0.9142857143	0.4267925555
1739	0.9143646409	0.4267036962
1740	0.9143646409	0.4265531337
1741	0.9151291513	0.4264235175
1742	0.9159741459	0.4263131998
1743	0.9159741459	0.426119209
1744	0.9151291513	0.4259863198
1745	0.9151291513	0.4258313927
1746	0.9151291513	0.4257246219
1747	0.9151291513	0.4255690885
1748	0.9142857143	0.4254662779
1749	0.9142857143	0.425300692
1750	0.9142857143	0.4252087836
1751	0.9152073733	0.4251220991
1752	0.9152073733	0.42503299
1753	0.9152073733	0.4249005076
1754	0.9152854512	0.4247593038
1755	0.9152854512	0.4246602282
1756	0.9144434223	0.4245202532
1757	0.9144434223	0.4243836505
1758	0.9144434223	0.4242590549
1759	0.9144434223	0.4241277106
1760	0.9143646409	0.4240340546
1761	0.9143646409	0.4239346923
1762	0.9144434223	0.4238333577
1763	0.9144434223	0.4237253786
1764	0.9153633855	0.423613765
1765	0.9144434223	0.4234733256
1766	0.9161290323	0.4233647371
1767	0.9161290323	0.4232560494
1768	0.9169741697	0.4230952066
1769	0.9169741697	0.4230319466
1770	0.9170506912	0.4229359689
1771	0.917896679	0.4228489846
1772	0.917896679	0.4227472758
1773	0.917896679	0.4226503164
1774	0.917820868	0.4225704713
1775	0.9179723502	0.4224325987
1776	0.9179723502	0.4222863123
1777	0.9179723502	0.4221684821
1778	0.9188191882	0.4220393909
1779	0.9179723502	0.4219005876
1780	0.9188191882	0.4217633772
1781	0.9188191882	0.4216749461
1782	0.9188191882	0.4215416224
1783	0.9188191882	0.42141096
1784	0.9188191882	0.4212973234
1785	0.9205175601	0.4211573397
1786	0.9205175601	0.4210860111
1787	0.9213691027	0.4209426799
1788	0.91966759	0.420821552
1789	0.9205175601	0.4206453793
1790	0.91966759	0.4205789001
1791	0.9205175601	0.4204586785
1792	0.9205175601	0.4203344396
1793	0.9205175601	0.4202325205
1794	0.9205175601	0.4201167813
1795	0.9205175601	0.4200023164
1796	0.9205175601	0.4198872912
1797	0.9205909511	0.4197514238
1798	0.9205909511	0.419663494
1799	0.9213691027	0.4195252106
1800	0.9213691027	0.4193421005
1801	0.9213691027	0.4192703153
1802	0.9213691027	0.4191745703
1803	0.9214417745	0.4190027893
1804	0.9214417745	0.4189232317
1805	0.9214417745	0.4188084863
1806	0.9214417745	0.4187217849
1807	0.9214417745	0.4185723188
1808	0.9214417745	0.4185136382
1809	0.9205909511	0.4183794469
1810	0.9213691027	0.4182039225
1811	0.9205909511	0.4180830463
1812	0.9215867159	0.4179565861
1813	0.9214417745	0.4178208251
1814	0.9214417745	0.4177364464
1815	0.9215143121	0.4176436764
1816	0.9223659889	0.4175356822
1817	0.9215867159	0.4174013473
1818	0.9224376731	0.4172724363
1819	0.9241443108	0.4171479132
1820	0.9240740741	0.4170659754
1821	0.9240740741	0.4169175883
1822	0.9240740741	0.4168362051
1823	0.9232902033	0.4167381359
1824	0.925	0.4166312194
1825	0.925	0.4164520929
1826	0.925	0.4163088215
1827	0.925	0.4162105629
1828	0.925	0.4161107426
1829	0.925	0.415983559
1830	0.925	0.4158552503
1831	0.925	0.4157701969
1832	0.925	0.4156438908
1833	0.9258572753	0.4155547683
1834	0.9258572753	0.4154533624
1835	0.9258572753	0.4153945311
1836	0.9258572753	0.4152750177
1837	0.9258572753	0.4151271495
1838	0.926716141	0.4150448872
1839	0.926716141	0.4148966121
1840	0.926716141	0.4148146443
1841	0.9267840593	0.4147388383
1842	0.9268518519	0.4145430589
1843	0.9260628466	0.4143558384
1844	0.926919519	0.4142810137
1845	0.926919519	0.414137662
1846	0.926919519	0.4140302746
1847	0.926919519	0.4138829529
1848	0.926919519	0.4137842741
1849	0.926987061	0.4136594029
1850	0.9278445883	0.4135403797
1851	0.9294990724	0.4134278924
1852	0.9294990724	0.413354146
1853	0.9294990724	0.4132428306
1854	0.930362117	0.4130875399
1855	0.930362117	0.4129876025
1856	0.930362117	0.4128827674
1857	0.9304267161	0.412784233
1858	0.930362117	0.412622004
1859	0.930362117	0.4124537966
1860	0.930362117	0.4123546093
1861	0.9312267658	0.4122667253
1862	0.930362117	0.4121465143
1863	0.930362117	0.4120590416
1864	0.9320930233	0.4118717818
1865	0.9320930233	0.4117904057
1866	0.9320930233	0.4116568416
1867	0.9320930233	0.4115443413
1868	0.9329608939	0.411446807
1869	0.9320930233	0.4113394635
1870	0.9320930233	0.4112198609
1871	0.9329608939	0.4111083371
1872	0.9329608939	0.4109428442
1873	0.9338303821	0.410776086
1874	0.9338919926	0.4105916508
1875	0.9338919926	0.4104902818
1876	0.9347623486	0.4103615259
1877	0.9348230912	0.4102322914
1878	0.9348230912	0.4101288388
1879	0.9348230912	0.4100427526
1880	0.9348230912	0.4099755809
1881	0.9348230912	0.4098690672
1882	0.9348230912	0.4097492547
1883	0.9348230912	0.4096267265
1884	0.9348230912	0.4095171829
1885	0.9348230912	0.4094343076
1886	0.9348230912	0.4092653382
1887	0.9365671642	0.4091553485
1888	0.9366262815	0.4090169317
1889	0.9366262815	0.408905952
1890	0.935694315	0.4088094448
1891	0.935694315	0.4087223228
1892	0.935694315	0.4086492318
1893	0.9365671642	0.4085240235
1894	0.9365671642	0.4083572699
1895	0.9365671642	0.4082497427
1896	0.9366262815	0.4081304715
1897	0.9365671642	0.4079505016
1898	0.9374416433	0.4077899226
1899	0.9374416433	0.407682416
1900	0.9383753501	0.4075311448
1901	0.938317757	0.4074168398
1902	0.938317757	0.4072731789
1903	0.9383753501	0.4071493633
1904	0.9383753501	0.407034416
1905	0.9383753501	0.406928312
1906	0.938317757	0.4068468107
1907	0.938317757	0.4067167367
1908	0.9383753501	0.4065886076
1909	0.9383753501	0.406453415
1910	0.9375	0.4063654283
1911	0.9375	0.4062628945
1912	0.9375	0.4061597323
1913	0.9375	0.4060669534
1914	0.9375	0.40598128
1915	0.9375	0.4059009025
1916	0.9375	0.4057881891
1917	0.9375	0.4055953683
1918	0.9375	0.4054230812
1919	0.9375	0.4052781982
1920	0.9375	0.4052029669
1921	0.938317757	0.4051008559
1922	0.9374416433	0.4049750169
1923	0.938317757	0.4048182869
1924	0.938317757	0.404758151
1925	0.938317757	0.4046321762
1926	0.9375	0.4044767598
1927	0.9375	0.4043100218
1928	0.9383753501	0.4041918571
1929	0.9383753501	0.4041053382
1930	0.9383753501	0.4039791097
1931	0.9392523364	0.4039014699
1932	0.9392523364	0.4037017009
1933	0.9392523364	0.4036078681
1934	0.9392523364	0.4034452445
1935	0.9392523364	0.4033909928
1936	0.9392523364	0.4033067513
1937	0.9392523364	0.4032447729
1938	0.9392523364	0.4031272925
1939	0.9401309635	0.4029989475
1940	0.9401309635	0.4028872778
1941	0.9401309635	0.4028300455
1942	0.9410664172	0.4027112023
1943	0.941011236	0.4026374525
1944	0.941011236	0.4025407463
1945	0.941011236	0.4024529261
1946	0.9410664172	0.4023317349
1947	0.9411214953	0.4021433362
1948	0.9411214953	0.402031523
1949	0.9402427638	0.4018189441
1950	0.9411214953	0.4016698271
1951	0.9402427638	0.4015047999
1952	0.9402427638	0.4014328662
1953	0.9402427638	0.4013042264
1954	0.9402427638	0.4011607914
1955	0.9402427638	0.4011042617
1956	0.9402427638	0.4010225304
1957	0.9402427638	0.4009298375
1958	0.9402427638	0.400826778
1959	0.9402427638	0.4007393755
1960	0.9402985075	0.4006495177
1961	0.9411764706	0.4004638516
1962	0.9420560748	0.4002721957
1963	0.9420560748	0.400115225
1964	0.9429373246	0.3998972903
1965	0.9447565543	0.3997339655
1966	0.9447565543	0.3996053752
1967	0.9447565543	0.3995061478
1968	0.9447565543	0.3993761253
1969	0.9447565543	0.3992735459
1970	0.9447565543	0.3991795732
1971	0.9438727783	0.3990563067
1972	0.9438727783	0.3989543855
1973	0.9439252336	0.3987941213
1974	0.9439252336	0.3986997128
1975	0.9439252336	0.3986065338
1976	0.9439252336	0.3985008712
1977	0.9439252336	0.3983991166
1978	0.9439252336	0.3982409139
1979	0.9439252336	0.3981068998
1980	0.944808232	0.3979560338
1981	0.9457436857	0.3978423931
1982	0.9457436857	0.3976366851
1983	0.9456928839	0.3975209928
1984	0.9448598131	0.3974007202
1985	0.9448598131	0.3972119565
1986	0.9456928839	0.39713848
1987	0.9456928839	0.3969696871
1988	0.9456928839	0.3968145788
1989	0.9456928839	0.3967075947
1990	0.9456928839	0.3965579188
1991	0.9456928839	0.3964403757
1992	0.9456928839	0.3962939658
1993	0.9456928839	0.3961416141
1994	0.9456928839	0.396003267
1995	0.9456928839	0.3958822822
1996	0.9456928839	0.3957838469
1997	0.9456928839	0.3957081955
1998	0.9456928839	0.3955203931
1999	0.9456928839	0.3954236774
